timestamp,elapsed_sec,host,message_id,kafka_processing_time_ms,kg_mapping_time_ms,kg_load_time_ms,kg_total_time_ms,end_to_end_time_ms,source_file
1781165931.985,30.98,host1,1781165930256058707,3.008,652.849,86.674,739.522,742.531,host1_performance.csv
1781165940.908,39.9,host1,1781165940286047366,2.697,562.731,20.189,582.919,585.617,host1_performance.csv
1781165951.013,50.01,host1,1781165950369839452,2.707,518.995,84.032,603.027,605.735,host1_performance.csv
1781165960.991,59.99,host1,1781165960403917684,2.669,524.848,20.197,545.045,547.716,host1_performance.csv
1781165971.096,70.09,host1,1781165970457014639,2.654,569.933,21.332,591.265,593.922,host1_performance.csv
1781165981.186,80.18,host1,1781165980509437579,3.36,585.632,28.001,613.634,616.996,host1_performance.csv
1781165991.273,90.27,host1,1781165990553743364,2.63,598.269,59.042,657.312,659.943,host1_performance.csv
1781166001.328,100.32,host1,1781166000610431091,3.539,640.796,24.511,665.307,668.848,host1_performance.csv
1781166011.387,110.38,host1,1781166010653258201,2.989,656.254,23.464,679.718,682.709,host1_performance.csv
1781166021.383,120.38,host1,1781166020694076175,3.627,607.326,27.245,634.572,638.201,host1_performance.csv
1781166031.537,130.53,host1,1781166030742035040,3.139,715.444,23.131,738.575,741.717,host1_performance.csv
1781166041.493,140.49,host1,1781166040784891513,3.427,627.929,22.31,650.239,653.668,host1_performance.csv
1781166051.485,150.48,host1,1781166050814514503,3.255,594.739,18.331,613.07,616.327,host1_performance.csv
1781166061.586,160.58,host1,1781166060844558786,4.019,625.426,28.398,653.824,657.845,host1_performance.csv
1781166071.609,170.61,host1,1781166070872663427,2.73,603.014,22.515,625.529,628.261,host1_performance.csv
1781166081.626,180.62,host1,1781166080903190233,2.625,637.874,20.784,658.658,661.284,host1_performance.csv
1781166091.729,190.73,host1,1781166090944899922,3.249,684.461,31.718,716.178,719.43,host1_performance.csv
1781166101.62,200.62,host1,1781166100976760104,2.579,534.378,54.159,588.536,591.116,host1_performance.csv
1781166111.615,210.61,host1,1781166111007587985,3.192,529.561,18.257,547.817,551.01,host1_performance.csv
1781166121.68,220.68,host1,1781166121039474393,2.722,560.38,24.227,584.607,587.331,host1_performance.csv
1781166131.674,230.67,host1,1781166131080122295,2.562,520.98,18.59,539.569,542.133,host1_performance.csv
1781166141.718,240.71,host1,1781166141110246485,4.11,533.659,16.299,549.957,554.069,host1_performance.csv
1781166151.781,250.78,host1,1781166151151894312,2.814,552.802,21.324,574.126,576.942,host1_performance.csv
1781166161.782,260.78,host1,1781166161191061068,2.693,518.666,16.751,535.417,538.111,host1_performance.csv
1781166171.874,270.87,host1,1781166171281318889,2.761,519.128,15.427,534.555,537.317,host1_performance.csv
1781166181.951,280.95,host1,1781166181304344607,2.383,570.955,17.997,588.952,591.337,host1_performance.csv
1781166191.926,290.92,host1,1781166191334577413,2.864,518.257,16.332,534.588,537.453,host1_performance.csv
1781165932.523,31.52,host2,1781165930537733321,3.603,515.877,18.416,534.293,537.897,host2_performance.csv
1781165941.453,40.45,host2,1781165940597156591,4.133,519.13,21.081,540.211,544.345,host2_performance.csv
1781165951.601,50.6,host2,1781165950638454612,4.356,559.474,22.97,582.445,586.803,host2_performance.csv
1781165961.545,60.54,host2,1781165960668957328,2.916,527.831,22.247,550.078,552.995,host2_performance.csv
1781165971.653,70.65,host2,1781165970718295383,2.421,526.808,27.114,553.922,556.345,host2_performance.csv
1781165981.846,80.84,host2,1781165980760699338,2.791,633.572,23.66,657.232,660.026,host2_performance.csv
1781165991.859,90.86,host2,1781165990814419167,2.234,563.698,19.609,583.307,585.542,host2_performance.csv
1781166001.954,100.95,host2,1781166000866268666,2.839,597.247,25.389,622.636,625.477,host2_performance.csv
1781166012.051,111.05,host2,1781166010910985939,3.221,639.495,20.525,660.019,663.243,host2_performance.csv
1781166022.072,121.07,host2,1781166020959800625,3.028,661.05,24.354,685.404,688.434,host2_performance.csv
1781166032.424,131.42,host2,1781166031051886386,4.802,856.937,24.54,881.477,886.282,host2_performance.csv
1781166042.147,141.14,host2,1781166041081484123,2.801,624.217,27.158,651.375,654.178,host2_performance.csv
1781166052.153,151.15,host2,1781166051137474502,2.61,640.37,24.257,664.628,667.239,host2_performance.csv
1781166062.242,161.24,host2,1781166061180396019,2.625,630.797,22.344,653.141,655.768,host2_performance.csv
1781166072.256,171.25,host2,1781166071223790916,4.151,622.133,19.703,641.836,645.99,host2_performance.csv
1781166082.263,181.26,host2,1781166081310215369,3.066,611.275,21.935,633.21,636.278,host2_performance.csv
1781166092.397,191.39,host2,1781166091388655712,2.786,647.188,17.49,664.678,667.466,host2_performance.csv
1781166102.221,201.22,host2,1781166101480967156,2.374,577.178,20.68,597.858,600.234,host2_performance.csv
1781166112.217,211.21,host2,1781166111615627942,2.948,529.503,21.156,550.659,553.608,host2_performance.csv
1781166122.278,221.27,host2,1781166121667740745,2.655,530.225,25.943,556.169,558.825,host2_performance.csv
1781166132.348,231.34,host2,1781166131700976284,2.617,574.993,23.866,598.859,601.478,host2_performance.csv
1781166142.4,241.4,host2,1781166141749817228,2.633,554.681,17.87,572.55,575.185,host2_performance.csv
1781166152.407,251.4,host2,1781166151796857616,2.693,534.756,23.734,558.49,561.185,host2_performance.csv
1781166162.503,261.5,host2,1781166161830228213,2.65,562.627,59.484,622.11,624.762,host2_performance.csv
1781166172.481,271.48,host2,1781166171872692378,2.867,524.101,17.759,541.86,544.728,host2_performance.csv
1781166182.547,281.54,host2,1781166181923182882,3.413,531.821,19.097,550.919,554.333,host2_performance.csv
1781166192.617,291.61,host2,1781166191983066182,2.711,560.245,18.667,578.913,581.625,host2_performance.csv
