query,rule_ids
I need a web server with guaranteed CPU availability and no network packet loss,r10;r8;r9;r7;r31;r29;r30;r28;r22;r21;r19;r16;r20;r18;r5;r3
Deploy a database server that must maintain memory above 50% free at all times,r4;r2;r3;r5
Create a video streaming VM with protection against overheating and fan failures,r5;r13;r11;r3;r4;r10;r2;r8;r9
Set up a game server with zero network latency spikes and stable SSH access,r18;r20;r16;r21;r19;r22;r29;r31;r28;r30;r17;r15
Provision an e-commerce host with guaranteed CPU headroom below 90% utilization,r8;r10;r5;r3;r7;r9;r4;r2
Deploy a critical analytics server with no memory exhaustion risks,r5;r3;r4;r2;r32;r8;r10;r7;r9;r1;r6
Create a high-security server with MTU 1500 enforcement and gateway monitoring,r16;r17
Implement a financial trading system with network interface stability guarantees,r18;r29;r21;r19;r22;r20;r16;r30;r28;r31;r17;r25;r33;r15;r24;r23;r8;r10;r27;r26
Build a IoT edge node with temperature controls and fan speed safeguards,r13;r11
Deploy a machine learning host protected against CPU overload scenarios,r10;r8;r5;r9;r3;r7;r4;r2
Setup a reverse proxy with DPDK buffer protection and IP fragment security,r33;r25;r32;r23;r24;r27;r26;r28;r30;r29;r31;r16;r17;r20;r22;r21;r19;r18
Create a Kubernetes master node with network error rate monitoring,r30;r28;r29;r31;r19;r21;r22;r20;r18;r16;r25;r33;r27;r26;r17;r15;r24;r23;r32;r5
Setup a blockchain node with DPDK network safeguards and CPU headroom,r33;r24;r23;r25;r32;r8;r10;r27;r26;r7;r9;r28;r30;r19;r21;r5;r29;r3;r31
Implement a real-time streaming service with RX/TX error prevention,r28;r30;r21;r19;r29;r31;r20;r22;r33;r23;r26;r25;r24;r27
Deploy a high-frequency trading system with zero packet drops,r20;r22;r29;r31;r19;r21;r28;r30;r18;r16;r24;r23;r33;r17;r25;r27;r8;r10;r26;r7;r32
Create an AI inference server with memory buffer monitoring,r3;r5;r4;r2;r32;r33;r24;r25;r23
Provision a medical imaging with guaranteed CPU availability,r10;r8;r5;r3;r7;r9;r4;r2
Setup a DNS server with ARP consistency and MTU compliance,r16;r17
I want to deploy a IoT gateway that has at least 16GB of RAM and no packet loss allowed,r5;r3;r30;r28;r19;r21;r4;r2;r18;r32;r16;r17
Implement a backup server with network flap protection,r18;r16;r29;r28;r30;r31;r22;r19;r21;r20;r17
Deploy a video rendering farm with thermal controls and memory safeguards,r5;r3;r4;r2;r11;r32;r13;r8;r10;r6;r9;r7
Setup a mail server with RX error monitoring and buffer protection,r30;r28;r21;r19;r29;r31;r24;r20;r22;r33;r32;r23
Implement a system with CPU utilization guarantees,r10;r9;r8;r7;r5;r3
Deploy a monitoring server with packet integrity safeguards,r29;r31;r22;r20;r30;r28;r19;r21;r12;r13;r25;r33;r23;r24;r11;r27;r26
Create a low-latency database cluster with network stability,r18;r29;r20;r22;r31;r16;r19;r21;r30;r28;r17;r25;r15;r8;r33;r10;r24;r23;r26;r27;r7;r9
Provision a node with DPDK optimizations and error detection,r33;r23;r24;r26;r32;r25;r27;r30;r28;r29;r31;r21;r19;r22;r20
Setup a virtualization host with memory buffer guarantees,r5;r3;r4;r2;r32;r10
Implement a system with temperature fail-safes,r11;r13
Deploy a mobile backend with SSH access monitoring,r15
Create a distributed cache system with network drop prevention,r29;r31;r20;r22;r28;r30;r19;r21;r18;r16;r17;r15;r23;r33;r24;r26;r25;r27
Provision a big data analytics node with CPU thermal protection,r10;r8;r9;r13;r7;r11
Setup a compliance server with memory usage auditing,r3;r5;r4;r2;r32
Implement a payment gateway with packet integrity checks,r33;r23;r29;r24;r31;r25;r27;r26;r20;r28;r30;r22;r18;r16;r19;r21;r17;r15
Create a federated learning node with network buffer guarantees,r33;r25;r24;r23;r32;r29;r27;r26;r30;r28;r31;r20;r21;r19;r22;r16;r18;r17;r15;r5;r3
Provision a quantum computing interface with stability monitoring,r5;r3;r18;r16;r10;r8;r21;r19;r20;r29;r4;r15;r22;r30;r28;r2;r31;r7;r9;r32;r25;r27
Setup a AR/VR rendering farm with memory safeguards,r3;r5;r2;r4;r32;r8;r10;r7;r9
Implement a digital twin system with DPDK protections,r33;r24;r23;r25;r27;r26;r32;r30;r28;r29;r31;r20;r22;r21;r19
Deploy a edge computing node with fan speed monitoring,r13;r12;r11
Create a smart city IoT hub with network error detection,r28;r30;r29;r19;r21;r16;r20;r31;r22;r18;r12;r13;r17;r24;r25;r10;r11;r33;r8;r15;r23;r26
Provision a robotics control server with CPU guarantees,r10;r8;r9;r7;r5;r3;r4;r2
Setup a satellite ground station with packet loss prevention,r29;r31;r20;r22;r30;r28;r19;r21;r16;r18;r33;r25;r24;r23;r8;r10
Implement a weather modeling cluster with thermal controls,r11;r13;r10;r8;r3
Deploy a 5G core network element with DPDK optimizations,r33;r24;r23;r27;r25;r26;r32;r30;r28;r29;r31;r21;r19;r22;r20;r10;r8
Deploy a High-Performance Computing (HPC) Cluster with Thermal and Memory safeguards,r3;r5;r8;r13;r10;r2;r11;r4;r32;r7;r9;r33;r24;r25;r6;r26;r27;r23
Provision a Low-Latency Cloud Gaming Platform with Zero Packet Loss,r29;r31;r20;r22;r16;r30;r28;r17;r21;r19;r18;r23;r15;r24;r33;r25;r10;r8;r27;r26;r7;r9;r32;r12;r5;r3
Implement an Autonomous Vehicle Control System with Real-Time network Stability,r18;r10;r8;r16;r5;r3;r29;r30;r28;r21;r19;r31;r20;r22;r7;r9;r2;r4;r15;r26;r25;r27;r33;r24
Implement a Real-Time Video Surveillance System with Frame Loss Prevention,r29;r31;r20;r22;r30;r28;r19;r21;r8;r10;r18;r16;r15;r17;r5;r7;r9;r3;r24;r33;r23;r25;r26
Create a Cloud-Based AI Training Cluster with GPU Utilization Monitoring,r5;r3;r4;r2;r10;r8
Setup a Global Content Delivery Network (CDN) with Packet integrity Assurance,r29;r31;r30;r28;r20;r22;r19;r21;r16;r18;r17;r25;r27;r26;r33;r24;r23
Implement a Satellite Communication Hub with Signal Integrity Checks,r30;r28;r19;r21;r12;r13;r29;r20;r22;r16;r31;r18;r11;r17;r25;r15;r24;r33;r23;r26;r8;r10;r27
Build a Decentralized Blockchain Network with Consensus Stability,r18;r21;r19;r17;r16;r30;r28;r20;r29;r22;r31;r33;r26;r25;r24;r27;r15;r23
Setup an Edge AI Inference Node with Thermal and Memory Safeguards,r3;r5;r2;r13;r11;r32;r4;r8;r6
Deploy a Backup Server with SSH Access and Network Stability,r15;r16;r28;r30;r29;r5;r31;r21;r19;r3
Create an IoT Temperature Sensor Node with Thermal Thresholds,r11;r13;r3
Deploy a Static Web Server with MTU and Packet Loss Monitoring,r20;r22;r29;r31;r17;r16;r19;r21;r30;r28;r18
Setup a Digital Signage System with Fan Speed Safeguards,r13;r12;r11
Create a Home Automation Hub with Stable SSH and Low CPU Load,r15;r8;r10;r7;r9
Provision a File Storage Server with Memory and MTU compliance,r3;r5;r2;r4;r32;r17
Setup a Maritime Navigation System with Network Stability,r29;r30;r28;r31;r21;r19;r20;r16;r22;r18;r15;r17;r26;r25;r27;r33;r24;r23;r32
Provision a Smart Agriculture IoT Node with Thermal Controls,r11;r13;r8;r10
Create a Disaster Recovery Site with Minimal Packet Loss,r31;r29;r20;r22;r28;r30;r21;r19;r18;r16;r12;r8;r10;r5;r3;r23
Deploy a Public Transit Scheduling System with ARP Checks,None
Build a Digital Twin for Industrial Machinery with buffer Monitoring,r12;r32;r13;r11;r33;r23;r24;r6;r25;r10;r8;r3;r5;r26
Setup a Cryptocurrency Mining Rig with Thermal Safeguards,r11;r13;r8;r10;r3;r7
Create a Wildlife Tracking System with Network Error Detection,r28;r30;r31;r29;r19;r21;r22;r20;r18;r16;r15;r26;r33;r25;r23;r27;r17;r24
Provision a Voice-over-IP (VoIP) Gateway with Packet Integrity,r29;r30;r28;r31;r20;r21;r19;r22;r16;r18;r15;r17;r25;r33;r27;r26;r24;r23;r10;r8;r9;r7
Implement a Smart Metering Hub with Memory Stability,r3;r5;r2;r4;r32
Deploy a Quantum Computing Interface with Fan Speed Alerts,r13;r12;r11
Build a Satellite IoT Gateway with MTU Compliance,r17
Setup a Telemetry Server for Drones with Low Latency,r25;r23;r33;r24;r10;r8;r29;r20;r27;r26;r30;r28;r22;r16;r19;r21;r31;r12;r18;r9;r7;r5;r15;r3
Create a Biometric Authentication System with SSH access,r15
Provision a Genomics Data Processing with CPU Headroom,r10;r8;r5;r9;r3;r7;r4;r2
Deploy a Fleet Management System with No Rx Errors,r28;r29
Implement a Smart Lighting Controller with Thermal Limits,r12;r11;r13;r3
Build a Hydroponics Monitoring Node with Network Stability,r12;r18;r13;r29;r22;r16;r20;r31;r21;r19;r30;r28;r11;r15;r17;r25;r27
Setup a E-Commerce API Gateway with MTU Enforcement,r17;r16
Create a Robotics Simulation with memory Guarantees,r5;r3;r4;r2;r32
Provision a Spacecraft Telemetry Relay with DPDK Buffers,r32;r24;r33;r23;r25;r26;r27
Deploy a Waste Management IoT Sensor with Fan Alerts,r12;r11;r13
Implement a Air Traffic Control Backup System with ARP Checks,r16;r18
Build a Nuclear Plant Sensor Network with Zero Packet Loss,r20;r22;r29;r31;r21;r19;r12;r28;r30;r13;r16;r11;r18;r33;r15;r25;r23;r24;r8;r10;r27;r26
Setup a Railway Signaling System with CPU Stability,r10;r8;r9;r7;r5;r3
Create a Augmented Reality Classroom with SSH Access,r15
Provision a Wind Turbine Monitoring Node with Thermal Controls,r11;r13;r3
Deploy a Underwater Data Acoustic Link with Buffer Protection,r32;r24;r33;r23;r25;r27;r26;r5;r3
Build a Lunar Rover Communication Hub with DPDK Optimizations,r26;r27;r25;r23;r24;r33;r32;r29;r30;r28;r31;r21;r19;r20;r22;r16;r17;r18;r15;r10;r8
Deploy a load balancer with 3GHz of processing capabilites,r8;r10;r7;r9;r3;r5;r2;r4
